Data;Brazil;Argentina;Italy;Portugal;US;Uruguay
22/01/2020;0;0;0;0;1;0
23/01/2020;0;0;0;0;1;0
24/01/2020;0;0;0;0;2;0
25/01/2020;0;0;0;0;2;0
26/01/2020;0;0;0;0;5;0
27/01/2020;0;0;0;0;5;0
28/01/2020;0;0;0;0;5;0
29/01/2020;0;0;0;0;6;0
30/01/2020;0;0;0;0;6;0
31/01/2020;0;0;2;0;8;0
01/02/2020;0;0;2;0;8;0
02/02/2020;0;0;2;0;8;0
03/02/2020;0;0;2;0;11;0
04/02/2020;0;0;2;0;11;0
05/02/2020;0;0;2;0;11;0
06/02/2020;0;0;2;0;12;0
07/02/2020;0;0;3;0;12;0
08/02/2020;0;0;3;0;12;0
09/02/2020;0;0;3;0;12;0
10/02/2020;0;0;3;0;12;0
11/02/2020;0;0;3;0;13;0
12/02/2020;0;0;3;0;13;0
13/02/2020;0;0;3;0;14;0
14/02/2020;0;0;3;0;14;0
15/02/2020;0;0;3;0;14;0
16/02/2020;0;0;3;0;14;0
17/02/2020;0;0;3;0;14;0
18/02/2020;0;0;3;0;14;0
19/02/2020;0;0;3;0;14;0
20/02/2020;0;0;3;0;14;0
21/02/2020;0;0;20;0;16;0
22/02/2020;0;0;62;0;16;0
23/02/2020;0;0;155;0;16;0
24/02/2020;0;0;229;0;16;0
25/02/2020;0;0;322;0;16;0
26/02/2020;1;0;453;0;16;0
27/02/2020;1;0;655;0;17;0
28/02/2020;1;0;888;0;17;0
29/02/2020;2;0;1128;0;25;0
01/03/2020;2;0;1694;0;32;0
02/03/2020;2;0;2036;2;55;0
03/03/2020;2;1;2502;2;74;0
04/03/2020;4;1;3089;5;107;0
05/03/2020;4;1;3858;8;184;0
06/03/2020;13;2;4636;13;237;0
07/03/2020;13;8;5883;20;403;0
08/03/2020;20;12;7375;30;519;0
09/03/2020;25;12;9172;30;594;0
10/03/2020;31;17;10149;41;782;0
11/03/2020;38;19;12462;59;1147;0
12/03/2020;52;19;15113;59;1586;0
13/03/2020;151;31;17660;112;2219;4
14/03/2020;151;34;21157;169;2978;6
15/03/2020;162;45;24747;245;3212;8
16/03/2020;200;56;27980;331;4679;29
17/03/2020;321;68;31506;448;6512;50
18/03/2020;372;79;35713;448;9169;79
19/03/2020;621;97;41035;785;13663;94
20/03/2020;793;128;47021;1020;20030;110
21/03/2020;1021;158;53578;1280;26025;135
22/03/2020;1546;266;59138;1600;34944;158
23/03/2020;1924;301;63927;2060;46096;162
24/03/2020;2247;387;69176;2362;56714;189
25/03/2020;2554;387;74386;2995;68841;217
26/03/2020;2985;502;80589;3544;86662;238
27/03/2020;3417;589;86498;4268;105253;274
28/03/2020;3904;690;92472;5170;127417;303
29/03/2020;4256;745;97689;5962;143544;309
30/03/2020;4579;820;101739;6408;165698;320
31/03/2020;5717;1054;105792;7443;192079;338
01/04/2020;6836;1054;110574;8251;223254;350
02/04/2020;8044;1133;115242;9034;255530;369
03/04/2020;9056;1265;119827;9886;287931;386
04/04/2020;10360;1451;124632;10524;319776;400
05/04/2020;11130;1451;128948;11278;349016;406
06/04/2020;12161;1554;132547;11730;380798;415
07/04/2020;14034;1628;135586;12442;410834;424
08/04/2020;16170;1715;139422;13141;441897;456
09/04/2020;18092;1795;143626;13956;477507;473
10/04/2020;19638;1975;147577;15472;511790;494
11/04/2020;20727;1975;152271;15987;540714;501
12/04/2020;22192;2142;156363;16585;567022;480
13/04/2020;23430;2208;159516;16934;594165;483
14/04/2020;25262;2277;162488;17448;622493;492
15/04/2020;28320;2443;165155;18091;648390;493
16/04/2020;30425;2571;168941;18841;678028;502
17/04/2020;33682;2669;172434;19022;711135;508
18/04/2020;36658;2758;175925;19685;738464;517
19/04/2020;38654;2839;178972;20206;763886;528
20/04/2020;40743;2941;181228;20863;793970;535
21/04/2020;43079;3031;183957;21379;820045;543
22/04/2020;45757;3144;187327;21982;849926;549
23/04/2020;50036;3435;189973;22353;881891;557
24/04/2020;54043;3607;192994;22797;913856;563
25/04/2020;59324;3780;195351;23392;944770;596
26/04/2020;63100;3892;197675;23864;970741;606
27/04/2020;67446;4003;199414;24027;995391;620
28/04/2020;73235;4127;201505;24322;1019964;625
29/04/2020;79685;4285;203591;24505;1046816;630
30/04/2020;87187;4428;205463;25045;1076518;643
01/05/2020;92202;4532;207428;25351;1111410;648
02/05/2020;97100;4681;209328;25190;1138174;652
03/05/2020;101826;4783;210717;25282;1161907;655
04/05/2020;108620;4887;211938;25524;1185709;657
05/05/2020;115455;5020;213013;25702;1209728;670
06/05/2020;126611;5208;214457;26182;1234210;673
07/05/2020;135773;5371;215858;26715;1261949;684
08/05/2020;146894;5611;217185;27268;1289132;694
09/05/2020;156061;5776;218268;27406;1313586;702
10/05/2020;162699;6034;219070;27581;1332333;707
11/05/2020;169594;6278;219814;27679;1351410;711
12/05/2020;178214;6563;221216;27913;1374792;717
13/05/2020;190137;6879;222104;28132;1394807;719
14/05/2020;203165;7134;223096;28319;1420697;724
15/05/2020;220291;7479;223885;28583;1445548;732
16/05/2020;233511;7805;224760;28810;1469598;733
17/05/2020;241080;8068;225435;29036;1488327;734
18/05/2020;255368;8371;225886;29209;1510635;737
19/05/2020;271885;8809;226699;29432;1531138;738
20/05/2020;294624;9283;227364;29660;1553964;746
21/05/2020;312761;9931;228006;29912;1579116;749
22/05/2020;334568;10649;228658;30200;1602945;753
23/05/2020;351565;11353;229327;30471;1623134;764
24/05/2020;366033;12076;229858;30623;1643308;769
25/05/2020;378840;12628;230158;30788;1662402;787
26/05/2020;395167;13228;230555;31007;1681128;789
27/05/2020;415366;13933;231139;31292;1699891;803
28/05/2020;443703;14702;231732;31596;1721158;811
29/05/2020;470593;15419;232248;31946;1746240;816
30/05/2020;502914;16214;232664;32203;1769320;821
31/05/2020;516137;16851;232997;32500;1788239;823
01/06/2020;531286;17415;233197;32700;1806079;825
02/06/2020;562963;18319;233515;32895;1826169;826
03/06/2020;589048;19268;233836;33261;1845325;828
04/06/2020;621002;20197;234013;33592;1873259;832
05/06/2020;653103;21037;234531;33969;1899699;834
06/06/2020;676893;22020;234801;34351;1919968;845
07/06/2020;694881;22794;234998;34693;1937794;845
08/06/2020;712219;23620;235278;34885;1954694;845
09/06/2020;743917;24761;235561;35306;1975015;846
10/06/2020;777707;25987;235763;35600;1996733;847
11/06/2020;806399;27373;236142;35910;2019011;847
12/06/2020;830681;28764;236305;36180;2044569;847
13/06/2020;851911;30295;236651;36463;2068726;847
14/06/2020;868705;31577;236989;36690;2087627;848
15/06/2020;893322;32785;237290;37036;2108626;848
16/06/2020;930305;34159;237500;37336;2133175;849
17/06/2020;961230;35552;237828;37672;2160225;849
18/06/2020;986750;37510;238159;38089;2188452;850
19/06/2020;1042809;39570;238011;38464;2219506;853
20/06/2020;1106332;41204;238275;38841;2251332;859
21/06/2020;1086536;42785;238499;39133;2277168;876
22/06/2020;1114728;44931;238720;39392;2306969;882
23/06/2020;1154255;47203;238833;39737;2345698;885
24/06/2020;1195288;49851;239410;40104;2381949;902
25/06/2020;1236752;52457;239706;40415;2421248;907
26/06/2020;1281636;55343;239961;40866;2470294;919
27/06/2020;1318556;57744;240136;41189;2511048;924
28/06/2020;1351439;59933;240310;41646;2553973;929
29/06/2020;1372989;62268;240436;41912;2595268;932
30/06/2020;1412669;64530;240578;42141;2645091;936
01/07/2020;1459494;67197;240760;42454;2694214;943
02/07/2020;1503895;69941;240961;42782;2749157;947
03/07/2020;1546935;72786;241184;43156;2800661;952
04/07/2020;1580502;75376;241419;43569;2846606;955
05/07/2020;1605695;77815;241611;43897;2900334;956
06/07/2020;1630149;80447;241819;44129;2943499;960
07/07/2020;1676848;83426;241956;44416;3000730;965
08/07/2020;1722098;87030;242149;44859;3061036;974
09/07/2020;1765060;90693;242363;45277;3120692;977
10/07/2020;1809371;94060;242639;45679;3189551;985
11/07/2020;1844318;97509;242827;46221;3249990;986
12/07/2020;1867976;100166;243061;46512;3310122;987
13/07/2020;1890869;103265;243230;46818;3369486;989
14/07/2020;1933791;106910;243344;47051;3435148;997
15/07/2020;1973933;111146;243506;47426;3501174;1009
16/07/2020;2017616;114783;243736;47765;3571988;1026
17/07/2020;2052234;119301;243967;48077;3638460;1037
18/07/2020;2077987;122524;244216;48390;3702782;1044
19/07/2020;2101399;126755;244434;48636;3761714;1054
20/07/2020;2124152;130774;244624;48771;3822377;1064
21/07/2020;2171079;136118;244752;48898;3890571;1096
22/07/2020;2237229;141900;245032;49150;3958116;1117
23/07/2020;2294555;148027;245338;49379;4026002;1141
24/07/2020;2351458;153520;245590;49692;4101149;1166
25/07/2020;2398993;158334;245864;49955;4165349;1174
26/07/2020;2421666;162526;246118;50164;4221188;1192
27/07/2020;2449677;167416;246286;50299;4280912;1202
28/07/2020;2503681;173355;246488;50410;4345742;1218
29/07/2020;2559132;178996;246776;50613;4409870;1237
30/07/2020;2617187;185373;247158;50868;4479111;1243
31/07/2020;2670451;191302;247537;51072;4543687;1264
01/08/2020;2711992;196543;247832;51310;4601265;1278
02/08/2020;2736058;201919;248070;51463;4648374;1286
03/08/2020;2756164;206743;248229;51569;4690058;1291
04/08/2020;2812447;213535;248419;51681;4751715;1300
05/08/2020;2868616;220682;248803;51848;4806063;1309
06/08/2020;2922605;228195;249204;52061;4866243;1318
07/08/2020;2972008;235677;249756;52351;4926830;1325
08/08/2020;3018397;241811;250103;52537;4990763;1335
09/08/2020;3041127;246499;250566;52668;5045030;1353
10/08/2020;3067633;253868;250825;52825;5096647;1364
11/08/2020;3118153;260911;251237;52945;5153602;1385
12/08/2020;3173107;268574;251713;53223;5208846;1393
13/08/2020;3233820;276072;252235;53548;5260502;1409
14/08/2020;3283227;282437;252809;53783;5330627;1421
15/08/2020;3320108;289100;253438;53981;5383023;1434
16/08/2020;3343114;294569;253915;54102;5417685;1440
17/08/2020;3367511;299126;254235;54234;5455534;1457
18/08/2020;3416775;305966;254636;54448;5500436;1485
19/08/2020;3465378;312659;255278;54701;5546320;1493
20/08/2020;3508352;320884;256118;54992;5591448;1506
21/08/2020;3540678;329043;257065;55211;5639039;1516
22/08/2020;3586586;336802;258136;55452;5684712;1521
23/08/2020;3608459;342154;259345;55597;5716623;1527
24/08/2020;3631972;350867;260298;55720;5750546;1533
25/08/2020;3678279;359638;261174;55912;5793219;1536
26/08/2020;3726431;370188;262540;56274;5835292;1543
27/08/2020;3768691;380292;263949;56673;5885810;1551
28/08/2020;3812779;392009;265409;57074;5932280;1556
29/08/2020;3850070;401239;266853;57448;5975382;1570
30/08/2020;3864604;408426;268218;57768;6009513;1585
31/08/2020;3914829;417735;269214;58012;6042875;1595
01/09/2020;3959158;428239;270189;58243;6084853;1611
02/09/2020;4005611;439172;271515;58633;6124814;1626
03/09/2020;4052420;451198;272912;59051;6169955;1636
04/09/2020;4091959;461882;274644;59457;6218289;1653
05/09/2020;4125816;471806;276338;59943;6261912;1669
06/09/2020;4140488;478792;277634;60258;6291031;1679
07/09/2020;4150004;488007;278784;60507;6315594;1693
08/09/2020;4168790;500034;280153;60895;6342338;1712
09/09/2020;4205877;512293;281583;61541;6375976;1741
10/09/2020;4246638;524198;283180;62126;6415424;1759
11/09/2020;4288171;535705;284796;62813;6460047;1773
12/09/2020;4318971;546481;286297;63310;6505630;1780
13/09/2020;4332991;555537;287753;63983;6545921;1808
14/09/2020;4353602;565446;288761;64596;6578485;1812
15/09/2020;4388154;577338;289990;65021;6615663;1827
16/09/2020;4425451;589012;291442;65626;6653955;1856
17/09/2020;4461856;601713;293025;66396;6699274;1876
18/09/2020;4501587;613658;294932;67176;6749459;1890
19/09/2020;4531145;622934;296569;68025;6795236;1904
20/09/2020;4546587;631365;298156;68577;6836846;1917
21/09/2020;4564222;640147;299506;69200;6868889;1927
22/09/2020;4599189;652174;300897;69663;6907160;1934
23/09/2020;4631915;664799;302537;70465;6948279;1946
24/09/2020;4663930;678266;304323;71156;6997162;1959
25/09/2020;4696240;691235;306235;72055;7044298;1967
26/09/2020;4720958;702484;308104;72939;7087845;1998
27/09/2020;4734745;711325;309870;73604;7121624;2008
28/09/2020;4751616;723132;311364;74029;7159363;2010
29/09/2020;4784464;736609;313011;74717;7201396;2033
30/09/2020;4817365;751001;314861;75542;7240028;2046
01/10/2020;4853148;765002;317409;76396;7286272;2061
02/10/2020;4885966;779689;319908;77284;7339715;2097
03/10/2020;4908974;790818;322751;78247;7388996;2122
04/10/2020;4917689;798486;325329;79151;7422127;2145
05/10/2020;4943742;809728;327586;79885;7459484;2155
06/10/2020;4975268;824468;330263;80312;7504029;2177
07/10/2020;5006206;840915;333940;81256;7553166;2206
08/10/2020;5033036;856369;338398;82534;7611056;2226
09/10/2020;5060769;871468;343770;83928;7666135;2251
10/10/2020;5084513;883882;349494;85574;7721502;2268
11/10/2020;5096704;894206;354950;86664;7768402;2294
12/10/2020;5105340;903730;359569;87913;7810482;2313
13/10/2020;5118699;917035;365467;89121;7860605;2337
14/10/2020;5146543;931967;372799;91193;7919047;2388
15/10/2020;5176969;949063;381602;93294;7982584;2417
16/10/2020;5205565;965609;391611;95902;8052758;2450
17/10/2020;5226341;979119;402536;98055;8107590;2501
18/10/2020;5238392;989680;414241;99911;8159760;2531
19/10/2020;5254971;1002662;423578;101860;8227642;2560
20/10/2020;5278737;1018999;434449;103736;8289379;2623
21/10/2020;5304593;1037325;449648;106271;8350085;2663
22/10/2020;5329357;1053650;465726;109541;8429706;2701
23/10/2020;5359358;1069368;484869;112440;8511366;2759
24/10/2020;5384342;1081336;504509;116109;8589742;2807
25/10/2020;5396596;1090589;525782;118686;8650717;2851
26/10/2020;5415207;1102301;542789;121133;8715281;2872
27/10/2020;5445189;1116609;564778;124432;8792504;2916
28/10/2020;5473540;1130533;589766;128392;8878981;2981
29/10/2020;5500240;1143800;616595;132616;8970273;3044
30/10/2020;5524593;1157179;647674;137272;9070122;3082
31/10/2020;5537763;1166924;679430;141279;9157465;3124
01/11/2020;5547951;1173533;709335;144341;9235295;3149
02/11/2020;5556200;1183131;731588;146847;9317102;3165
03/11/2020;5570782;1195276;759829;149443;9441868;3196
04/11/2020;5594098;1205928;790377;156940;9542130;3245
05/11/2020;5617943;1217028;824879;161350;9670210;3309
06/11/2020;5638143;1228814;862681;166900;9797266;3370
07/11/2020;5655887;1236851;902490;173540;9924330;3441
08/11/2020;5666389;1242182;935104;179324;10044003;3514
09/11/2020;5679803;1250499;960373;183420;10160959;3560
10/11/2020;5726227;1262476;995463;187237;10297511;3620
11/11/2020;5752474;1273356;1028424;192172;10445194;3700
12/11/2020;5786393;1284519;1066401;198011;10603990;3795
13/11/2020;5825111;1296378;1107303;204664;10783507;3883
14/11/2020;5851389;1304846;1144552;211266;10947557;3957
15/11/2020;5865295;1310491;1178529;217301;11087272;4030
16/11/2020;5881039;1318384;1205881;225672;11240359;4104
17/11/2020;5916529;1329005;1238072;230124;11405006;4208
18/11/2020;5951281;1339337;1272352;236015;11576976;4296
19/11/2020;5987143;1349434;1308528;243009;11769277;4377
20/11/2020;6025913;1359042;1345767;249498;11970945;4477
21/11/2020;6056135;1366182;1380531;255970;12150763;4564
22/11/2020;6074061;1370366;1408868;260758;12297350;4699
23/11/2020;6092219;1374631;1431795;264802;12478861;4763
24/11/2020;6126752;1381795;1455022;268721;12652421;4870
25/11/2020;6171380;1390388;1480874;274011;12832632;4988
26/11/2020;6212265;1399431;1509875;280394;12949882;5117
27/11/2020;6245773;1407277;1538217;285838;13164517;5303
28/11/2020;6297258;1413375;1564532;290706;13332740;5511
29/11/2020;6318270;1418807;1585178;294799;13473087;5716
30/11/2020;6341965;1424533;1601554;298061;13628000;5857
01/12/2020;6393950;1432570;1620901;300462;13825116;6024
02/12/2020;6442425;1440103;1641610;303846;14021279;6225
03/12/2020;6492564;1447732;1664829;307618;14241505;6455
04/12/2020;6540235;1454631;1688939;312553;14476876;6731
05/12/2020;6580517;1459832;1709991;318640;14698886;6965
06/12/2020;6606947;1463110;1728878;322474;14878212;7303
07/12/2020;6633971;1466309;1742557;325071;15073674;7505
08/12/2020;6681767;1469919;1757394;327976;15300731;7806
09/12/2020;6736358;1475222;1770149;332073;15516738;8104
10/12/2020;6789908;1482216;1787147;335207;15753679;8487
11/12/2020;6842458;1489328;1805873;340287;15992582;8849
12/12/2020;6884782;1494602;1825775;344700;16217116;9180
13/12/2020;6906811;1498160;1843712;348744;16408712;9708
14/12/2020;6934191;1503222;1855737;350938;16618541;10029
15/12/2020;6982223;1510203;1870576;353576;16844857;10418
16/12/2020;7048347;1517046;1888144;358296;17079661;10893
17/12/2020;7117046;1524372;1906377;362616;17319906;11436
18/12/2020;7169899;1531374;1921778;366952;17567851;11950
19/12/2020;7218141;1537169;1938083;370787;17773703;12557
20/12/2020;7242625;1541285;1953185;374121;17960899;13048
21/12/2020;7270270;1547138;1964054;376220;18157758;13477
22/12/2020;7326935;1555279;1977370;378656;18363690;14001
23/12/2020;7372614;1563865;1991278;383258;18585129;14710
24/12/2020;7430825;1563865;2009317;387636;18798077;15457
25/12/2020;7452008;1574554;2028354;391782;18925254;15848
26/12/2020;7469541;1578267;2038759;392996;19142694;16218
27/12/2020;7487155;1583297;2047696;394573;19278656;16728
28/12/2020;7514592;1590513;2056277;396666;19451959;17306
29/12/2020;7570963;1602163;2067487;400002;19657931;17962
30/12/2020;7626563;1613928;2083689;406051;19876228;18480
31/12/2020;7681032;1625514;2107166;413678;20191316;19119
01/01/2021;7703971;1629594;2129376;420629;20370219;19753
02/01/2021;7719324;1634834;2141201;423870;20642500;20275
03/01/2021;7736514;1640718;2155446;427254;20845901;20823
04/01/2021;7761553;1648940;2166244;431623;21031404;21426
05/01/2021;7819636;1662730;2181619;436579;21264269;22104
06/01/2021;7882143;1676171;2201945;446606;21524033;23048
07/01/2021;7970112;1690006;2220361;456533;21810277;23807
08/01/2021;8029698;1703352;2237890;466709;22114346;24339
09/01/2021;8081091;1714409;2257866;476187;22379085;24974
10/01/2021;8110118;1722217;2276491;483689;22589928;26186
11/01/2021;8140865;1730921;2289021;489293;22793892;26901
12/01/2021;8205289;1744704;2303263;496552;23015704;27846
13/01/2021;8265116;1757429;2319036;507108;23245035;28475
14/01/2021;8333445;1770715;2336279;517806;23480613;29989
15/01/2021;8402542;1783047;2352423;528469;23725611;30946
16/01/2021;8460987;1791979;2368733;539416;23943300;31669
17/01/2021;8492403;1799243;2381277;549801;24119854;32378
18/01/2021;8521336;1807428;2390102;556503;24260682;32863
19/01/2021;8583485;1819569;2400598;566958;24417577;33446
20/01/2021;8647962;1831681;2414166;581605;24604959;34294
21/01/2021;8706912;1843077;2428221;595149;24797511;34992
22/01/2021;8763517;1853830;2441854;609136;24989286;36170
23/01/2021;8821815;1862192;2455185;624469;25167462;36967
24/01/2021;8850334;1867223;2466813;636190;25307608;37633
25/01/2021;8880864;1874801;2475372;643113;25437209;38041
26/01/2021;8942472;1885210;2485956;653878;25588217;38680
27/01/2021;9007244;1896053;2501147;668951;25743673;39328
28/01/2021;9068004;1905524;2515507;685383;25910436;39887
29/01/2021;9127507;1915362;2529070;698583;26074179;40529
30/01/2021;9180621;1922264;2541783;711018;26225119;41181
31/01/2021;9208521;1927239;2553032;720516;26337978;41738
01/02/2021;9237011;1933853;2560957;726321;26463293;42128
02/02/2021;9293289;1943548;2570608;731861;26580323;42667
03/02/2021;9347703;1952744;2583790;740944;26704695;43215
04/02/2021;9404810;1961635;2597446;748858;26829726;43804
05/02/2021;9456500;1970009;2611659;755774;26960838;44303
06/02/2021;9502810;1976689;2625098;761906;27077698;44812
07/02/2021;9528972;1980347;2636738;765414;27167127;45311
08/02/2021;9557558;1985501;2644707;767919;27249926;45650
09/02/2021;9608775;1993295;2655319;770502;27345307;46153
10/02/2021;9669883;2001034;2668266;774889;27440590;46778
11/02/2021;9723487;2008345;2683403;778369;27547362;47254
12/02/2021;9772429;2015496;2697296;781223;27647944;47828
13/02/2021;9817285;2021553;2710819;784079;27738702;48459
14/02/2021;9848008;2025798;2721879;785756;27807010;48909
15/02/2021;9873816;2029057;2729223;787059;27862458;49360
16/02/2021;9939100;2033060;2739591;788561;27921680;49725
17/02/2021;9986325;2039124;2751657;790885;27990525;50208
18/02/2021;10039804;2046795;2765412;792829;28063105;50752
19/02/2021;10091961;2054681;2780882;794769;28138263;51377
20/02/2021;10144332;2060625;2795796;796339;28212046;52163
21/02/2021;10173817;2064334;2809246;797525;28267311;52815
22/02/2021;10205663;2069751;2818863;798074;28322794;53310
23/02/2021;10269248;2077228;2832162;799106;28396654;53973
24/02/2021;10334634;2085411;2848564;800586;28471679;54874
25/02/2021;10402913;2093645;2868435;801746;28548958;55695
26/02/2021;10466308;2098728;2888923;802773;28624378;56542
27/02/2021;10524726;2104197;2907825;803844;28695667;57362
28/02/2021;10558091;2107365;2925265;804562;28747431;57994
01/03/2021;10598476;2112023;2938371;804956;28797871;58589
02/03/2021;10658171;2118676;2955434;805647;28856289;59171
03/03/2021;10731070;2126531;2976274;806626;28923340;60074
04/03/2021;10807092;2133963;2999119;807456;28992284;60945
05/03/2021;10879597;2141854;3023129;808405;29060163;61929
06/03/2021;10946501;2146714;3046762;809412;29121194;63010
07/03/2021;11028185;2149636;3067486;810094;29162805;63837
08/03/2021;11064770;2154694;3081368;810459;29206897;64700
09/03/2021;11136064;2162001;3101093;811306;29262400;65527
10/03/2021;11217531;2169694;3123368;811948;29320172;66484
11/03/2021;11294602;2177898;3149017;812575;29381964;67717
12/03/2021;11377073;2185747;3175807;813152;29444569;69074
13/03/2021;11447416;2192025;3201838;813716;29501389;70133
14/03/2021;11490864;2195722;3223142;814257;29540663;71691
15/03/2021;11535178;2201886;3238394;814513;29591696;72862
16/03/2021;11620823;2210121;3258770;814897;29645763;73770
17/03/2021;11709475;2218425;3281810;815570;29705037;75138
18/03/2021;11797401;2226753;3306711;816055;29767427;76816
19/03/2021;11885660;2234913;3332418;816623;29829060;78401
20/03/2021;11958814;2241739;3356331;817080;29887927;79923
21/03/2021;12006259;2245771;3376376;817530;29923305;81537
22/03/2021;12062229;2252172;3400877;817778;29970729;84230
23/03/2021;12147437;2261577;3419616;818212;30023587;86007
24/03/2021;12238343;2269877;3440862;818787;30111344;87812
25/03/2021;12336604;2278115;3464543;819210;30178971;89458
26/03/2021;12416950;2291051;3488619;819698;30255342;92343
27/03/2021;12498653;2301389;3512453;820042;30319397;95278
28/03/2021;12545611;2308597;3532057;820407;30365717;97406
29/03/2021;12588226;2322611;3544957;820716;30431589;99584
30/03/2021;12674667;2332765;3561012;821104;30493279;102461
31/03/2021;12763392;2348821;3584899;821722;30562809;105549
01/04/2021;12851165;2363251;3607083;822314;30639665;108188
02/04/2021;12920540;2373153;3629000;822862;30713690;111568
03/04/2021;12959895;2383537;3650247;823142;30778570;113904
04/04/2021;12992213;2393492;3668264;823335;30816492;117757
05/04/2021;13034887;2407159;3678944;823494;30883579;119958
06/04/2021;13120019;2428029;3686707;824368;30946405;123063
07/04/2021;13208715;2450068;3700393;825031;31022182;126987
08/04/2021;13297270;2473751;3717602;825633;31102248;130657
09/04/2021;13385380;2497881;3736526;826327;31187001;137946
10/04/2021;13451932;2517300;3754077;826928;31257536;141380
11/04/2021;13491107;2532562;3769814;827494;31304992;144642
12/04/2021;13530757;2551999;3779594;827765;31367175;147173
13/04/2021;13613418;2579000;3793033;828173;31448016;149430
14/04/2021;13688024;2604157;3809193;828857;31523620;152089
15/04/2021;13759207;2629156;3826156;829358;31597602;156499
16/04/2021;13843594;2658628;3842079;829911;31681075;159569
17/04/2021;13912159;2677747;3857443;830560;31736562;162400
18/04/2021;13950997;2694014;3870131;831001;31780391;164744
19/04/2021;13987519;2714475;3878994;831221;31838937;167033
20/04/2021;14060162;2743620;3891063;831645;31901377;169327
21/04/2021;14134150;2769552;3904899;832255;31965724;172601
22/04/2021;14182258;2796768;3920945;832891;32032443;175891
23/04/2021;14251539;2824652;3935703;833397;32095338;179537
24/04/2021;14315320;2845872;3949517;833964;32150310;182326
25/04/2021;14348961;2860884;3962674;834442;32185079;184865
26/04/2021;14381359;2879677;3971114;834638;32227366;187349
27/04/2021;14457203;2905172;3981512;834991;32279648;190096
28/04/2021;14534482;2928890;3994894;835563;32334834;193027
29/04/2021;14603096;2954943;4009208;836033;32393659;195734
30/04/2021;14675104;2977363;4022653;836493;32451762;198428
01/05/2021;14733396;2993865;4035617;836947;32500538;200908
02/05/2021;14762684;3005259;4044762;837277;32531094;202492
03/05/2021;14801673;3021179;4050708;837457;32575716;204120
04/05/2021;14871208;3047417;4059821;837715;32618611;206946
05/05/2021;14947580;3071496;4070400;838102;32664654;209867
06/05/2021;15019870;3095582;4082198;838475;32710833;213449
07/05/2021;15096714;3118134;4092747;838852;32759248;216146
08/05/2021;15158475;3136158;4102921;839258;32794903;218800
09/05/2021;15191195;3147740;4111210;839582;32817773;220683
10/05/2021;15227496;3165121;4116287;839740;32850149;222870
11/05/2021;15297602;3191097;4123230;840008;32885627;225847
12/05/2021;15373850;3215572;4131078;840493;32921778;228102
13/05/2021;15453880;3242103;4139160;840929;32960514;231901
14/05/2021;15531794;3269466;4146722;841379;33002731;235206
15/05/2021;15599145;3290935;4153374;841848;33033489;238079
16/05/2021;15636709;3307285;4159122;842182;33051181;240512
17/05/2021;15672307;3335965;4162576;842381;33076422;242906
18/05/2021;15747112;3371508;4167025;842767;33105337;246026
19/05/2021;15827375;3411160;4172525;843278;33134942;249365
20/05/2021;15910762;3447044;4178261;843729;33165159;253941
21/05/2021;15987393;3482512;4183476;844288;33193984;258540
22/05/2021;16055289;3514683;4188190;844811;33215197;262009
23/05/2021;16093784;3539484;4192183;845224;33228981;265098
24/05/2021;16131264;3562135;4194672;845465;33250853;267888
25/05/2021;16205305;3586736;4197892;845840;33275443;271859
26/05/2021;16285550;3622135;4201827;846434;33300039;276435
27/05/2021;16350081;3663215;4205970;847006;33326881;280372
28/05/2021;16403969;3702422;4209707;847604;33349123;282198
29/05/2021;16479832;3732263;4213055;848213;33362434;288172
30/05/2021;16521281;3753609;4216003;848658;33369788;291488
31/05/2021;16557888;3781784;4217821;849093;33376063;294503
01/06/2021;16636801;3817139;4220304;849538;33396916;298006
02/06/2021;16733079;3852156;4223200;850262;33413628;301524
03/06/2021;16809146;3884447;4225163;851031;33432024;304411
04/06/2021;16852317;3915397;4227719;851461;33449889;308490
05/06/2021;16913984;3939024;4230153;852034;33465493;312703
06/06/2021;16954327;3955439;4232428;852646;33471509;316535
07/06/2021;16994043;3977634;4233698;853034;33485579;318783
08/06/2021;17049756;4008771;4235592;853632;33498618;322978
09/06/2021;17134623;4038528;4237790;854522;33517183;326405
10/06/2021;17225867;4066156;4239868;855432;33531964;330027
11/06/2021;17312179;4093090;4241760;855951;33557115;333484
12/06/2021;17385952;4111147;4243482;856740;33566275;336470
13/06/2021;17422936;4124190;4244872;857447;33571545;338513
14/06/2021;17465628;4145482;4245779;858072;33583331;340818
15/06/2021;17552769;4172742;4247032;859045;33594060;343615
16/06/2021;17639297;4198620;4248432;860395;33605968;346515
17/06/2021;17715789;4222400;4249755;861628;33617731;348662
18/06/2021;17811233;4242763;4250902;862926;33638913;351378
19/06/2021;17889167;4258394;4252095;864109;33647966;353377
20/06/2021;17933754;4268789;4252976;865050;33652922;354865
21/06/2021;17979164;4277395;4253460;865806;33663476;356382
22/06/2021;18103412;4298782;4254294;866826;33674272;358461
23/06/2021;18180808;4326101;4255434;868323;33686937;360247
24/06/2021;18257432;4350564;4255700;869879;33701413;361994
25/06/2021;18332493;4374587;4256451;871483;33726016;363580
26/06/2021;18393158;4393142;4257289;873051;33735386;364859
27/06/2021;18425138;4405247;4258069;874547;33740008;365866
28/06/2021;18457197;4423636;4258456;875449;33753592;366915
29/06/2021;18523153;4447701;4259133;877195;33761069;368178
30/06/2021;18570296;4470374;4259909;879557;33776420;369350
01/07/2021;18631426;4491551;4260788;882006;33791540;370600
02/07/2021;18694998;4512439;4261582;884442;33821297;371417
03/07/2021;18748731;4526473;4262511;887047;33826711;372178
04/07/2021;18774193;4535473;4263317;889088;33830996;372709
05/07/2021;18802128;4552750;4263797;890571;33839898;373286
06/07/2021;18863811;4574340;4264704;892741;33862180;374019
07/07/2021;18917978;4593763;4265714;896026;33882356;374665
08/07/2021;18972125;4613019;4267105;899295;33903221;375298
09/07/2021;19030577;4627537;4268491;902489;33950813;375902
10/07/2021;19074698;4639098;4269885;905651;33960932;376281
11/07/2021;19093845;4647948;4271276;907974;33972679;376579
12/07/2021;19113078;4662937;4272163;909756;34002102;376876
13/07/2021;19161644;4682960;4273693;912406;34028633;377297
14/07/2021;19217741;4702657;4275846;916559;34059758;377704
15/07/2021;19272139;4719952;4278319;920200;34091719;378041
16/07/2021;19315054;4737213;4281214;923747;34169828;378480
17/07/2021;19364084;4749443;4284332;927424;34183930;378733
18/07/2021;19380831;4756378;4287458;930685;34204259;378875
19/07/2021;19397587;4769142;4289528;932540;34253102;379072
20/07/2021;19428736;4784219;4293083;935246;34292828;379376
21/07/2021;19484572;4798851;4297337;939622;34340564;379613
22/07/2021;19533253;4812351;4302393;943244;34397090;379911
23/07/2021;19640373;4827973;4307535;947038;34517892;380151
24/07/2021;19675021;4839109;4312673;950434;34546636;380311
25/07/2021;19693277;4846615;4317415;953059;34574608;380431
26/07/2021;19714719;4859170;4320530;954669;34653980;380584
27/07/2021;19758310;4875927;4325046;956985;34718983;380793
28/07/2021;19805359;4891810;4330739;960437;34792560;380976
29/07/2021;19846680;4905925;4336906;963446;34865105;381187
30/07/2021;19887058;4919408;4343519;966041;35056550;381364
31/07/2021;19922146;4929764;4350028;968631;35100441;381517
01/08/2021;19942499;4935847;4355348;970937;35145010;381569
02/08/2021;19961374;4947030;4358533;972127;35253373;381715
03/08/2021;19993870;4961880;4363374;974203;35351128;381853
04/08/2021;20034407;4975616;4369964;977406;35453575;381994
05/08/2021;20073891;4989402;4377188;979987;35563262;382155
06/08/2021;20116562;5002951;4383787;982364;35815158;382295
07/08/2021;20156095;5012754;4390684;984985;35878163;382360
08/08/2021;20169989;5018895;4396417;986967;35913039;382506
09/08/2021;20185531;5029075;4400617;988061;36072826;382607
10/08/2021;20220993;5041487;4406241;990293;36190629;382721
11/08/2021;20256436;5052884;4413162;993241;36345081;382873
12/08/2021;20292294;5066253;4420429;995949;36489167;382997
13/08/2021;20325289;5074725;4427827;998547;36715972;383101
14/08/2021;20354591;5080908;4435008;1001118;36789039;383212
15/08/2021;20368358;5084635;4440669;1003335;36835827;383292
16/08/2021;20386548;5088271;4444338;1004470;37030182;383387
17/08/2021;20425554;5096443;4449606;1006588;37180774;383505
18/08/2021;20465725;5106207;4456765;1009571;37348377;383645
19/08/2021;20501738;5116803;4464005;1012125;37503598;383758
20/08/2021;20535951;5124963;4471225;1014632;37742673;383903
21/08/2021;20561273;5130852;4478691;1017308;37834869;384026
22/08/2021;20575218;5133831;4484613;1019420;37879072;384094
23/08/2021;20590872;5139966;4488779;1020546;38087297;384181
24/08/2021;20622681;5148085;4494857;1022807;38241759;384287
25/08/2021;20652660;5155079;4502396;1025869;38420741;384392
26/08/2021;20683583;5161926;4509611;1028421;38604512;384458
27/08/2021;20711339;5167733;4517434;1030791;38843185;384531
28/08/2021;20734286;5171458;4524292;1033165;38922074;384622
29/08/2021;20745549;5173531;4530246;1034947;38974087;384692
30/08/2021;20758350;5178889;4534499;1036019;39203301;384778
31/08/2021;20785196;5185620;4539991;1037927;39383262;384934
01/09/2021;20810944;5190948;4546487;1039492;39573780;385078
02/09/2021;20837967;5195601;4553241;1042322;39752916;385264
03/09/2021;20861571;5199919;4559970;1044144;39988361;385423
04/09/2021;20881896;5202405;4566126;1045857;40074270;385557
05/09/2021;20894557;5203802;4571440;1047047;40137775;385660
06/09/2021;20904729;5207695;4574787;1047710;40231517;385780
07/09/2021;20918333;5211801;4579502;1048941;40440688;385926
08/09/2021;20932515;5215332;4585423;1050719;40617615;386082
09/09/2021;20965338;5218993;4590941;1052127;40784034;386258
10/09/2021;20981793;5221809;4596558;1053450;41026046;386410
11/09/2021;20995555;5223604;4601749;1054673;41115177;386562
12/09/2021;21003416;5224534;4606413;1055584;41163527;386701
13/09/2021;21012064;5226831;4609205;1056042;41374306;386873
14/09/2021;21025635;5229848;4613214;1057100;41519712;387028
15/09/2021;21038911;5232358;4618040;1058347;41692965;387156
16/09/2021;21074358;5234851;4623155;1059409;41851744;387299
17/09/2021;21109695;5237159;4627699;1060432;42062607;387449
18/09/2021;21234573;5238610;4632275;1061371;42137579;387555
19/09/2021;21243748;5239232;4636111;1062048;42182451;387627
20/09/2021;21253033;5241394;4638516;1062320;42354253;387744
21/09/2021;21268413;5243231;4641890;1063100;42475992;387922
22/09/2021;21300996;5245265;4645853;1063991;42607345;388068
23/09/2021;21325913;5246998;4649906;1064876;42736513;388191
24/09/2021;21344578;5248847;4653696;1065633;42911279;388313
25/09/2021;21358441;5249840;4657215;1066346;42971774;388424
26/09/2021;21367297;5250402;4660314;1066945;43026091;388502
27/09/2021;21376642;5251940;4662087;1067175;43182038;388572
28/09/2021;21393526;5253765;4665049;1067775;43294790;388700
29/09/2021;21410411;5255261;4668261;1068530;43416179;388822
30/09/2021;21432362;5256902;4672355;1069279;43526565;388928
01/10/2021;21450424;5258466;4675758;1069975;43681395;389025
02/10/2021;21462810;5259352;4679067;1070665;43729599;389124
03/10/2021;21471963;5259738;4682034;1071114;43774376;389185
04/10/2021;21483481;5260719;4683646;1071307;43917290;389260
05/10/2021;21505626;5261935;4686109;1072037;44012522;389363
06/10/2021;21524172;5263219;4689341;1072537;44124696;389505
07/10/2021;21538788;5264305;4692274;1073268;44226224;389661
08/10/2021;21557323;5265058;4695291;1074109;44357639;389817
09/10/2021;21572127;5265528;4698038;1074813;44396468;389935
10/10/2021;21580539;5265859;4700316;1075312;44436138;390038
11/10/2021;21587532;5266275;4701832;1075639;44532203;390115
12/10/2021;21594887;5267339;4704318;1076358;44642809;390234
13/10/2021;21603259;5268653;4707087;1077186;44751271;390394
14/10/2021;21618491;5270003;4709753;1077963;44838217;390575
15/10/2021;21632789;5271361;4712482;1078729;44947700;390762
16/10/2021;21642550;5272151;4715464;1079341;44987484;390915
17/10/2021;21648735;5272551;4717899;1079806;45019142;391044
18/10/2021;21658054;5273463;4719493;1080097;45118093;391167
19/10/2021;21671287;5274766;4722188;1080929;45200010;391358
20/10/2021;21686995;5275984;4725887;1081856;45291630;391522
21/10/2021;21703981;5277525;4729678;1082721;45369714;391700
22/10/2021;21717379;5278910;4733557;1083651;45465666;391890
23/10/2021;21729284;5279818;4737462;1084534;45498085;392029
24/10/2021;21733820;5280358;4741185;1085138;45517256;392148
25/10/2021;21741647;5281585;4743720;1085451;45629828;392319
26/10/2021;21754992;5283000;4747773;1086280;45696485;392585
27/10/2021;21772116;5284485;4752368;1087245;45799048;392879
28/10/2021;21785802;5286074;4757231;1088133;45874144;393139
29/10/2021;21798483;5287447;4762563;1088977;45969250;393454
30/10/2021;21808495;5288259;4767440;1089888;46003543;393718
31/10/2021;21814625;5288807;4771965;1090651;46035868;393899
01/11/2021;21819251;5289945;4774783;1091142;46149121;394053
02/11/2021;21825169;5291285;4777614;1091592;46217869;394248
03/11/2021;21841479;5292549;4782802;1092666;46303462;394443
04/11/2021;21854726;5293989;4788704;1094048;46384899;394679
05/11/2021;21867724;5295260;4795465;1095337;46481757;394914
06/11/2021;21878897;5296188;4802225;1096534;46516619;395099
07/11/2021;21884558;5296781;4808047;1097557;46553447;395268
08/11/2021;21891439;5298069;4812594;1098125;46664194;395410
09/11/2021;21903249;5299418;4818705;1099307;46742555;395610
10/11/2021;21918229;5300985;4826738;1100961;46837625;395805
11/11/2021;21933767;5302445;4835435;1102438;46895269;395964
12/11/2021;21948366;5304059;4843957;1104189;47038779;396175
13/11/2021;21957724;5305151;4852496;1106005;47082731;396402
14/11/2021;21962026;5305742;4860061;1107488;47114643;396545
15/11/2021;21964769;5307159;4865260;1108462;47248677;396677
16/11/2021;21971337;5308781;4873075;1110155;47335947;396888
17/11/2021;21984449;5310334;4883242;1112682;47448794;397143
18/11/2021;21995851;5312089;4893887;1115080;47558622;397318
19/11/2021;22008224;5313607;4904441;1117451;47685498;397549
20/11/2021;22016439;5314702;4915981;1119784;47730858;397712
21/11/2021;22021527;5315348;4925688;1122283;47770690;397841
22/11/2021;22025668;5315989;4932091;1123758;47915303;397990
23/11/2021;22038108;5317633;4942135;1126318;48006648;398213
24/11/2021;22050362;5319867;4954585;1130091;48118228;398436
25/11/2021;22062645;5322127;4968341;1133241;48157547;398676
26/11/2021;22073524;5324039;4982022;1136446;48210968;398890
27/11/2021;22081833;5325560;4994891;1139810;48237507;399181
28/11/2021;22085369;5326448;5007818;1142707;48280656;399348
29/11/2021;22089858;5328416;5015790;1144342;48466949;399504
30/11/2021;22100143;5330748;5028547;1147249;48584056;399695
01/12/2021;22112425;5332629;5043620;1151919;48721170;399966
02/12/2021;22124356;5335310;5060430;1154817;48860022;400275
03/12/2021;22134978;5337692;5077445;1157352;49018635;400542
04/12/2021;22142385;5339382;5094072;1163001;49084977;400821
05/12/2021;22147078;5340676;5109082;1166787;49140161;400925
06/12/2021;22153095;5343153;5118576;1169003;49317848;401103
07/12/2021;22163231;5346242;5134318;1172420;49431107;401340
08/12/2021;22173363;5348123;5152264;1177706;49581018;401640
09/12/2021;22182116;5350867;5164780;1181294;49705547;401897
10/12/2021;22189181;5354440;5185270;1185036;49863755;402149
11/12/2021;22191865;5356885;5206305;1190409;49920343;402383
12/12/2021;22193480;5358455;5225517;1194288;49972650;402509
13/12/2021;22196250;5361967;5238221;1196602;50158135;402509
14/12/2021;22200629;5366522;5258886;1200193;50273172;402978
15/12/2021;22205707;5371341;5282076;1205993;50416800;403293
16/12/2021;22209368;5376642;5308180;1211130;50558532;403582
17/12/2021;22213731;5382290;5336795;1215774;50751187;403899
18/12/2021;22216112;5386453;5364852;1220836;50830948;404255
19/12/2021;22217570;5389707;5389155;1225102;50920147;404460
20/12/2021;22220209;5395044;5405360;1227854;51160189;404821
21/12/2021;22223943;5404380;5436143;1233608;51339602;405236
22/12/2021;22227169;5415501;5472469;1242545;51583342;405681
23/12/2021;22230943;5428957;5517054;1253094;51853102;406127
24/12/2021;22234623;5445236;5567644;1266037;52101622;406739
25/12/2021;22238297;5452419;5622431;1276053;52188275;407099
26/12/2021;22243266;5460042;5647313;1279785;52366660;407381
27/12/2021;22250218;5480305;5678112;1286119;52867225;407981
28/12/2021;22259270;5514207;5756412;1303291;53229259;408894
29/12/2021;22269031;5556239;5854428;1330158;53731372;410311
30/12/2021;22281649;5606745;5981428;1358817;54322065;411658
31/12/2021;22291839;5654408;6125683;1389646;54835684;413383
01/01/2022;22295621;5674428;6266939;1412936;55024443;414294
02/01/2022;22297427;5694930;6328076;1424016;55310395;415249
03/01/2022;22309081;5739326;6396110;1434570;56355353;416970
04/01/2022;22328252;5820536;6566947;1460406;57167579;420108
05/01/2022;22351104;5915695;6756035;1499976;57830187;425436
06/01/2022;22386930;6025303;6975465;1539050;58665217;430958
07/01/2022;22450222;6135836;7083762;1577784;59534974;437062
08/01/2022;22499525;6237525;7281297;1613427;59932662;443436
09/01/2022;22529183;6310844;7436939;1639846;60417690;449422
10/01/2022;22563104;6399196;7554344;1660058;61801607;456179
11/01/2022;22636359;6533635;7774863;1693398;62588987;463357
12/01/2022;22724232;6664717;7971068;1734343;63437621;473180
13/01/2022;22822177;6793119;8155645;1774477;64298962;483820
14/01/2022;22933289;6932972;8356514;1814567;65179029;490626
15/01/2022;22981851;7029624;8549450;1852703;65587354;500267
16/01/2022;23015128;7094865;8706915;1884974;66067156;512841
17/01/2022;23089509;7197323;8790302;1906891;66742303;520822
18/01/2022;23229851;7318305;9018425;1950620;67871822;531452
19/01/2022;23425392;7446626;9219391;2003169;68779956;543166
20/01/2022;23595178;7576335;9418256;2059595;69512571;556163
21/01/2022;23766499;7694506;9603856;2118125;70353671;569037
22/01/2022;23931609;7792652;9781191;2176256;70656187;580066
23/01/2022;24054405;7862536;9923678;2221825;71021634;588995
24/01/2022;24142032;7940657;10001344;2254583;71943801;599040
25/01/2022;24342322;8041520;10212621;2312240;72436897;609785
26/01/2022;24560093;8130023;10383561;2377818;73060969;621453
27/01/2022;24789795;8207752;10539601;2443524;73567240;631019
28/01/2022;25050601;8271636;10683948;2507357;74181320;644631
29/01/2022;25256198;8313614;10821375;2566551;74359946;653853
30/01/2022;25360647;8335184;10925485;2611886;74557910;661441
31/01/2022;25463530;8378656;10983116;2689167;75100159;668425
01/02/2022;25634781;8427778;11116422;2718138;75425572;679878
02/02/2022;25820745;8472848;11235745;2771842;75755113;690496
03/02/2022;26107894;8515285;11348701;2829347;76029927;700511
04/02/2022;26326454;8555379;11449601;2882659;76384897;710874
05/02/2022;26484546;8577215;11542793;2932680;76471328;719948
06/02/2022;26546399;8589879;11621736;2976771;76554806;726042
07/02/2022;26616014;8615285;11663338;3009717;76901245;733010
08/02/2022;26793497;8648075;11765767;3027626;77115616;741454
09/02/2022;26972914;8675327;11847436;3060477;77304026;749554
10/02/2022;27135550;8700437;11923631;3096708;77475440;758366
11/02/2022;27299336;8716940;11991109;3126295;77684757;765960
12/02/2022;27434286;8728262;12053330;3152099;77736624;772757
13/02/2022;27492904;8734551;12105675;3172961;77794944;777490
14/02/2022;27552267;8747601;12134451;3189891;77965125;782556
15/02/2022;27677468;8766174;12205474;3198779;78076295;788676
16/02/2022;27819996;8783208;12265343;3218215;78191112;795316
17/02/2022;27940119;8799858;12323398;3239570;78292802;800833
18/02/2022;28072238;8815247;12377098;3257373;78437973;808012
19/02/2022;28177367;8823054;12427773;3274118;78469379;812367
20/02/2022;28218180;8827504;12469975;3289278;78492384;815704
21/02/2022;28258458;8838674;12494459;3299337;78575273;819379
22/02/2022;28361951;8855624;12554596;3305484;78664609;823784
23/02/2022;28493336;8868188;12603758;3319787;78749747;827814
24/02/2022;28589235;8878486;12651251;3339225;78816820;831950
25/02/2022;28679671;8887973;12693320;3351880;78891191;835346
26/02/2022;28749552;8893568;12732680;3363373;78938605;838341
27/02/2022;28776794;8897178;12764558;3373936;78956825;840511
28/02/2022;28796571;8900656;12782836;3381602;79055742;842462
01/03/2022;28818850;8904176;12829972;3385947;79102450;844400
02/03/2022;28846495;8912317;12867918;3397759;79155852;846868
03/03/2022;28906672;8921536;12910506;3408227;79204462;849050
04/03/2022;28978052;8929898;12948859;3421312;79255719;851241
05/03/2022;29040800;8934328;12990223;3437003;79270638;853170
06/03/2022;29056525;8936602;13026112;3452144;79283032;854375
07/03/2022;29077831;8942888;13048774;3462783;79347114;855883
08/03/2022;29152318;8949362;13109527;3468709;79376868;857635
09/03/2022;29198101;8955458;13159342;3484914;79414567;859165
10/03/2022;29259206;8961595;13214498;3500549;79461146;860663
11/03/2022;29313228;8967210;13268459;3514241;79510851;862153
12/03/2022;29361024;8970196;13323179;3527608;79521068;863365
13/03/2022;29374833;8971432;13373207;3540541;79532118;864376
14/03/2022;29391345;8976079;13402905;3549564;79567502;865644
15/03/2022;29441039;8981155;13489319;3554472;79591877;867282
16/03/2022;29488777;8985836;13563466;3569220;79638006;868952
17/03/2022;29532810;8990413;13645834;3584504;79691179;871081
18/03/2022;29584800;9004829;13724411;3598152;79722536;872938
19/03/2022;29624435;9006526;13800179;3610906;79733415;874404
20/03/2022;29637814;9007753;13861743;3622880;79744866;875313
21/03/2022;29650082;9011367;13895188;3631435;79787136;876400
22/03/2022;29691641;9016057;13992092;3635880;79811698;877763
23/03/2022;29738362;9019660;14070450;3650572;79852709;879618
24/03/2022;29775568;9021240;14153098;3665551;79895705;881152
25/03/2022;29809769;9023812;14229495;3678412;79942141;882379
26/03/2022;29839103;9025257;14304111;3689786;79951574;883354
27/03/2022;29849740;9026075;14364723;3701665;79963364;884081
28/03/2022;29857641;9028730;14396283;3709342;80002334;884742
29/03/2022;29887191;9032162;14496579;3713333;80026514;885980
30/03/2022;29920604;9035127;14567990;3726043;80065694;887028
31/03/2022;29951670;9037911;14642354;3738919;80111327;887935
01/04/2022;29978513;9039838;14719394;3750596;80143545;888639
02/04/2022;29995575;9040640;14790806;3761667;80155352;889132
03/04/2022;30002785;9041124;14845815;3771485;80160107;889513
04/04/2022;30015357;9043098;14877144;3778225;80189011;890140
05/04/2022;30042272;9045326;14966058;3781692;80214614;890980
06/04/2022;30069094;9047408;15035943;3792576;80255561;891800
07/04/2022;30095328;9049250;15106066;3803856;80306198;892454
08/04/2022;30125540;9051243;15173707;3813931;80381224;893009
09/04/2022;30146769;9052083;15238128;3824253;80393935;893575
10/04/2022;30153979;9052536;15292048;3834105;80403469;893909
11/04/2022;30161909;9054126;15320753;3841334;80443810;894267
12/04/2022;30184286;9056203;15404809;3845066;80479554;894630
13/04/2022;30210934;9057923;15467395;3857251;80534942;894984
14/04/2022;30234024;9059351;15533012;3869796;80585603;895240
15/04/2022;30247302;9059944;15595302;3881346;80621042;895451
16/04/2022;30250077;9060495;15659835;3893109;80633376;895592
17/04/2022;30252618;9060923;15712088;3898232;80640879;895775
18/04/2022;30261088;9060923;15730676;3905880;80702270;895775
19/04/2022;30275219;9060923;15758002;3909157;80741534;895775
20/04/2022;30311969;9060923;15858442;3922227;80810474;895775
21/04/2022;30330629;9060923;15934437;3936432;80872170;895775
22/04/2022;30338697;9060923;16008181;3948030;80962222;895775
23/04/2022;30345808;9060923;16079209;3959702;80981953;895775
24/04/2022;30349463;9060923;16136057;3969315;80995442;895775
25/04/2022;30355919;9072230;16161339;3976259;81065649;895775
26/04/2022;30378061;9072230;16191323;3979984;81111000;895775
27/04/2022;30399004;9072230;16279754;3984766;81201017;895775
28/04/2022;30418920;9072230;16349788;3999112;81278375;895775
29/04/2022;30433042;9072230;16409183;4013640;81339564;897867
30/04/2022;30448236;9072230;16463200;4027684;81363548;897867
01/05/2022;30454499;9083673;16504791;4041278;81380250;897867
02/05/2022;30460997;9083673;16523859;4050283;81474954;897867
03/05/2022;30482429;9083673;16586268;4055001;81524545;899723
04/05/2022;30502501;9083673;16633911;4068606;81636572;899723
05/05/2022;30524183;9083673;16682626;4085189;81725123;899723
06/05/2022;30543908;9083673;16726990;4100844;81853881;899723
07/05/2022;30558530;9083673;16767773;4118439;81881693;899723
08/05/2022;30564536;9101319;16798998;4135703;81887453;899723
09/05/2022;30574245;9101319;16816419;4149241;82017486;899723
10/05/2022;30594388;9101319;16872618;4156577;82087735;902540
11/05/2022;30617786;9101319;16915301;4179518;82247923;902540
12/05/2022;30639130;9101319;16954784;4207177;82361911;902540
13/05/2022;30664739;9101319;16993813;4235153;82449279;902540
14/05/2022;30682094;9101319;17030147;4264908;82466307;902540
15/05/2022;30688390;9135308;17057873;4289314;82498379;902540
16/05/2022;30701900;9135308;17071649;4308574;82677043;902540
17/05/2022;30701900;9135308;17116550;4317675;82761530;908078
18/05/2022;30701900;9135308;17147477;4356248;82965185;908078
19/05/2022;30701900;9135308;17178199;4390672;83100226;908078
20/05/2022;30762413;9135308;17205017;4422533;83249098;908078
21/05/2022;30762413;9135308;17229263;4422533;83275863;908078
22/05/2022;30791220;9178795;17247552;4422533;83285402;908078
23/05/2022;30803995;9178795;17257573;4453294;83425339;908078
24/05/2022;30836815;9178795;17288287;4508817;83505133;916388
25/05/2022;30851191;9178795;17312432;4544317;83721369;916388
26/05/2022;30880512;9178795;17333299;4544317;83863979;916388
27/05/2022;30921145;9178795;17355119;4606051;83969064;916388
28/05/2022;30945384;9178795;17373741;4606051;83980107;916388
29/05/2022;30953579;9230573;17388877;4606051;83984395;916388
30/05/2022;30977661;9230573;17396723;4632100;84012412;916388
31/05/2022;31019038;9230573;17421410;4683018;84210815;925777
01/06/2022;31060017;9230573;17440232;4717243;84444990;925777
02/06/2022;31101290;9230573;17457950;4749137;84545475;925777
